{
  "data":{
    "isMore":0,
    "items":[
      {
        "brandId":"23",
        "brandName":"李宁广告",
        "goodsSkus":[
          {
            "attributes":[
              {
                "name":"冥王",
                "type":0,
                "value":"黑"
              },
              {
                "name":"冥王值",
                "type":1,
                "value":"44"
              }
            ],
            "brandId":23,
            "brandName":"李宁广告",
            "buyInstructions":"这里是购买说明",
            "createTime":1528523973000,
            "goodsDetails":"http://www.xbxm.com/pic",
            "goodsService":{
              "goodsType":"非标1类",
              "id":2,
              "installService":1,
              "isDelete":0,
              "measureService":0,
              "selfLiftingService":1,
              "sendService":0,
              "updateTime":1527560341000
            },
            "id":455008053012598784,
            "isDelete":0,
            "leafClassId":34,
            "leafClassName":"实木桌子",
            "model":"CK-300",
            "number":455008053016793088,
            "otherName":"李宁广告 CK-300 实木桌子",
            "pics":[
              {
                "pic":"www.1.com"
              },
              {
                "pic":"www.2.com"
              }
            ],
            "price":0,
            "publishers":[
              {
                "factoryPrice":99,
                "publisherId":192,
                "purchasePrice":0,
                "regionid":27
              }
            ],
            "salesVolume":0,
            "serviceCity":"1,2,3,4,5,6",
            "shelfTime":1528753249000,
            "showName":"李宁广告 CK-300 实木桌子",
            "size":0,
            "sortNumber":0,
            "spuId":13,
            "state":2,
            "sysName":"李宁广告 CK-300 实木桌子"
          },
          {
            "attributes":[
              {
                "name":"冥王",
                "type":0,
                "value":"白"
              },
              {
                "name":"冥王值",
                "type":1,
                "value":"44"
              }
            ],
            "brandId":23,
            "brandName":"李宁广告",
            "buyInstructions":"这里是购买说明",
            "createTime":1528524141000,
            "goodsDetails":"http://www.xbxm.com/pic",
            "id":455008755273306112,
            "isDelete":0,
            "leafClassId":34,
            "leafClassName":"实木桌子",
            "model":"CK-300",
            "number":455008755273306112,
            "otherName":"李宁广告 CK-300 实木桌子",
            "pics":[
              {
                "pic":"www.1.com"
              },
              {
                "pic":"www.2.com"
              }
            ],
            "price":0,
            "publishers":[
              {
                "factoryPrice":99,
                "publisherId":192,
                "purchasePrice":0,
                "regionid":27
              }
            ],
            "salesVolume":0,
            "serviceCity":"1,2,3,4,5,6",
            "shelfTime":1528753252000,
            "showName":"李宁广告 CK-300 实木桌子",
            "size":0,
            "sortNumber":0,
            "spuId":13,
            "state":2,
            "sysName":"李宁广告 CK-300 实木桌子"
          }
        ],
        "leafClassId":34,
        "leafClassName":"实木桌子",
        "model":"CK-300",
        "service":{
          "$ref":"$.data.items[0].goodsSkus[0].goodsService"
        },
        "spuId":13
      }
    ],
    "pageNum":1,
    "pageSize":5,
    "startIndex":0,
    "totalCount":1,
    "totalPage":1
  },
  "errorCode":0,
  "message":"成功",
  "success":true
}