{
  "data":{
    "isMore":0,
    "items":[
      {
        "brandId":"23",
        "brandName":"李宁广告",
        "goodsSkus":[
          {
            "attributes":[
              {
                "name":"冥王",
                "type":0,
                "unit":"cm",
                "value":"黑7"
              },
              {
                "name":"冥王值",
                "type":1,
                "unit":"",
                "value":"445"
              }
            ],
            "brandId":23,
            "brandName":"李宁广告",
            "buyInstructions":"312312",
            "createTime":1529032279000,
            "goodsDetails":"fdasfs",
            "goodsService":{
              "goodsType":"非标1类",
              "id":2,
              "installService":1,
              "isDelete":0,
              "measureService":0,
              "selfLiftingService":1,
              "sendService":0,
              "updateTime":1527560341000
            },
            "id":457140097582764032,
            "isDelete":0,
            "leafClassId":34,
            "leafClassName":"实木桌子",
            "level":"312",
            "model":"CK-300",
            "number":457140097645678592,
            "otherName":"",
            "pics":[
              {
                "pic":"www.pic.com"
              },
              {
                "pic":"www.pic.com"
              }
            ],
            "price":10.3,
            "publishers":[
              {
                "factoryPrice":10.3,
                "factoryPriceNew":10.4,
                "publisherId":1,
                "purchasePrice":19
              }
            ],
            "spuId":13,
            "state":5,
            "sysName":"李宁广告 CK-300 实木桌子 黑7 445 黑7 445",
            "unit":"3123"
          },
          {
            "attributes":[
              {
                "name":"冥王",
                "type":0,
                "unit":"cm",
                "value":"白7"
              },
              {
                "name":"冥王值",
                "type":1,
                "unit":"",
                "value":"445"
              }
            ],
            "brandId":23,
            "brandName":"李宁广告",
            "buyInstructions":"312312",
            "createTime":1529032279000,
            "goodsDetails":"fdasfs",
            "goodsService":{
              "goodsType":"非标2类",
              "id":12,
              "installService":1,
              "isDelete":0,
              "measureService":0,
              "selfLiftingService":1,
              "sendService":0,
              "updateTime":1527560341000
            },
            "id":457140098543259648,
            "isDelete":0,
            "leafClassId":34,
            "leafClassName":"实木桌子",
            "level":"312",
            "model":"CK-300",
            "number":457140098543259648,
            "otherName":"",
            "pics":[
              {
                "pic":"www.pic.com"
              },
              {
                "pic":"www.pic.com"
              }
            ],
            "price":10.3,
            "publishers":[
              {
                "factoryPrice":10.3,
                "factoryPriceNew":11,
                "publisherId":1,
                "purchasePrice":11
              }
            ],
            "spuId":13,
            "state":5,
            "sysName":"李宁广告 CK-300 实木桌子 白7 445 白7 445",
            "unit":"3123"
          }
        ],
        "leafClassId":34,
        "leafClassName":"实木桌子",
        "model":"CK-300",
        "service":{
          "goodsType":"非标1类",
          "id":2,
          "installService":1,
          "isDelete":0,
          "measureService":0,
          "selfLiftingService":1,
          "sendService":0,
          "updateTime":1527560341000
        },
        "spuId":13
      }
    ],
    "pageNum":1,
    "pageSize":10,
    "startIndex":0,
    "totalCount":1,
    "totalPage":1
  },
  "errorCode":0,
  "message":"成功",
  "success":true
}