{
  "success":true,
  "errorCode":0,
  "message":"成功",
  "data":[
    {
      "spuId":12,
      "leafClassName":"航天飞机",
      "brandName":"wxx fang fang",
      "model":"10C",
      "integrationTime":1526521431406,
      "ids":[
        "5afcde5c84e0b629ac6cb25e"
      ],
      "goodsSkus":[
        {
          "id":"5afcde5c84e0b629ac6cb25e",
          "spuId":12,
          "sysName":"wxx fang fang 10C 航天飞机 黑 44",
          "type":1,
          "showName":"wxx fang fang 10C 航天飞机 黑 44",
          "otherName":"wxx fang fang 10C 航天飞机 黑 44",
          "pics":[
            "www.1.com",
            "www.2.com"
          ],
          "attributes":[
            {
              "attributeName":"颜色",
              "value":"黑",
              "type":0,
              "unit":"无"
            },
            {
              "attributeName":"长度",
              "value":"44",
              "type":1,
              "unit":"cm"
            }
          ],
          "parameters":[
            {
              "parameterName":"产地",
              "value":"长春"
            },
            {
              "parameterName":"风格",
              "value":"休闲"
            }
          ],
          "leafClassId":34,
          "leafClassName":"航天飞机",
          "classificationPath":"6,33,34,",
          "price":0,
          "salesVolume":0,
          "goodsDetails":"http://www.xbxm.com/pic",
          "buyInstructions":"这里是购买说明",
          "model":"10C",
          "brandId":21,
          "brandName":"wxx fang fang",
          "parts":[
            {
              "partsName":"锤子",
              "value":"3"
            },
            {
              "partsName":"螺丝刀",
              "value":"33"
            }
          ],
          "packings":[
            {
              "partsName":"扳手",
              "value":"1"
            },
            {
              "partsName":"扳手2",
              "value":"21"
            }
          ],
          "publishers":[
            {
              "publisher":"中华家具城",
              "publisherId":191,
              "stockSize":20,
              "virtualStockSize":30,
              "factoryPrice":99,
              "buyoutPrice":10,
              "state":0,
              "regions":null,
              "admissionTime":1526352126381,
              "isDelete":0,
              "service":[
                {
                  "serviceName":"快递",
                  "value":"是"
                },
                {
                  "serviceName":"安装",
                  "value":"是"
                }
              ]
            },
            {
              "publisher":"中华家具城",
              "publisherId":191,
              "stockSize":209,
              "virtualStockSize":219,
              "factoryPrice":999,
              "buyoutPrice":10,
              "state":0,
              "regions":null,
              "admissionTime":1526352126381,
              "isDelete":0,
              "service":[
                {
                  "serviceName":"快递",
                  "value":"是"
                },
                {
                  "serviceName":"安装",
                  "value":"是"
                }
              ]
            },
            {
              "publisher":"中华家具城2",
              "publisherId":192,
              "stockSize":20,
              "virtualStockSize":30,
              "factoryPrice":99,
              "buyoutPrice":0,
              "state":0,
              "regions":null,
              "admissionTime":1526352162035,
              "isDelete":0,
              "service":[
                {
                  "serviceName":"快递",
                  "value":"是"
                },
                {
                  "serviceName":"安装",
                  "value":"是"
                }
              ]
            },
            {
              "publisher":"中华家具城2",
              "publisherId":192,
              "stockSize":209,
              "virtualStockSize":219,
              "factoryPrice":999,
              "buyoutPrice":0,
              "state":0,
              "regions":null,
              "admissionTime":1526352162035,
              "isDelete":0,
              "service":[
                {
                  "serviceName":"快递",
                  "value":"是"
                },
                {
                  "serviceName":"安装",
                  "value":"是"
                }
              ]
            },
            {
              "publisher":"中华家具城3",
              "publisherId":193,
              "stockSize":20,
              "virtualStockSize":30,
              "factoryPrice":99,
              "buyoutPrice":0,
              "state":0,
              "regions":null,
              "admissionTime":1526352190807,
              "isDelete":0,
              "service":[
                {
                  "serviceName":"快递",
                  "value":"是"
                },
                {
                  "serviceName":"安装",
                  "value":"是"
                }
              ]
            },
            {
              "publisher":"中华家具城3",
              "publisherId":193,
              "stockSize":209,
              "virtualStockSize":219,
              "factoryPrice":999,
              "buyoutPrice":0,
              "state":0,
              "regions":null,
              "admissionTime":1526352190807,
              "isDelete":0,
              "service":[
                {
                  "serviceName":"快递",
                  "value":"是"
                },
                {
                  "serviceName":"安装",
                  "value":"是"
                }
              ]
            }
          ],
          "size":0,
          "qrCode":null,
          "state":1,
          "sortNumber":0,
          "isDelete":0,
          "createTime":1526521431406,
          "releaseTime":null,
          "auditor":null,
          "integrationTime":1526521431406
        }
      ]
    },
    {
      "spuId":12,
      "leafClassName":"航天飞机",
      "brandName":"wxx fang fang",
      "model":"10C",
      "integrationTime":1526607831406,
      "ids":[
        "5afcde5c84e0b629ac6cb25d"
      ],
      "goodsSkus":[
        {
          "id":"5afcde5c84e0b629ac6cb25d",
          "spuId":12,
          "sysName":"wxx fang fang 10C 航天飞机 黑 44",
          "type":1,
          "showName":"wxx fang fang 10C 航天飞机 黑 44",
          "otherName":"wxx fang fang 10C 航天飞机 黑 44",
          "pics":[
            "www.1.com",
            "www.2.com"
          ],
          "attributes":[
            {
              "attributeName":"颜色",
              "value":"黑",
              "type":0,
              "unit":"无"
            },
            {
              "attributeName":"长度",
              "value":"44",
              "type":1,
              "unit":"cm"
            }
          ],
          "parameters":[
            {
              "parameterName":"产地",
              "value":"长春"
            },
            {
              "parameterName":"风格",
              "value":"休闲"
            }
          ],
          "leafClassId":34,
          "leafClassName":"航天飞机",
          "classificationPath":"6,33,34,",
          "price":0,
          "salesVolume":0,
          "goodsDetails":"http://www.xbxm.com/pic",
          "buyInstructions":"这里是购买说明",
          "model":"10C",
          "brandId":21,
          "brandName":"wxx fang fang",
          "parts":[
            {
              "partsName":"锤子",
              "value":"3"
            },
            {
              "partsName":"螺丝刀",
              "value":"33"
            }
          ],
          "packings":[
            {
              "partsName":"扳手",
              "value":"1"
            },
            {
              "partsName":"扳手2",
              "value":"21"
            }
          ],
          "publishers":[
            {
              "publisher":"中华家具城",
              "publisherId":191,
              "stockSize":20,
              "virtualStockSize":30,
              "factoryPrice":99,
              "buyoutPrice":10,
              "state":0,
              "regions":null,
              "admissionTime":1526352126381,
              "isDelete":0,
              "service":[
                {
                  "serviceName":"快递",
                  "value":"是"
                },
                {
                  "serviceName":"安装",
                  "value":"是"
                }
              ]
            },
            {
              "publisher":"中华家具城",
              "publisherId":191,
              "stockSize":209,
              "virtualStockSize":219,
              "factoryPrice":999,
              "buyoutPrice":10,
              "state":0,
              "regions":null,
              "admissionTime":1526352126381,
              "isDelete":0,
              "service":[
                {
                  "serviceName":"快递",
                  "value":"是"
                },
                {
                  "serviceName":"安装",
                  "value":"是"
                }
              ]
            },
            {
              "publisher":"中华家具城2",
              "publisherId":192,
              "stockSize":20,
              "virtualStockSize":30,
              "factoryPrice":99,
              "buyoutPrice":0,
              "state":0,
              "regions":null,
              "admissionTime":1526352162035,
              "isDelete":0,
              "service":[
                {
                  "serviceName":"快递",
                  "value":"是"
                },
                {
                  "serviceName":"安装",
                  "value":"是"
                }
              ]
            },
            {
              "publisher":"中华家具城2",
              "publisherId":192,
              "stockSize":209,
              "virtualStockSize":219,
              "factoryPrice":999,
              "buyoutPrice":0,
              "state":0,
              "regions":null,
              "admissionTime":1526352162035,
              "isDelete":0,
              "service":[
                {
                  "serviceName":"快递",
                  "value":"是"
                },
                {
                  "serviceName":"安装",
                  "value":"是"
                }
              ]
            },
            {
              "publisher":"中华家具城3",
              "publisherId":193,
              "stockSize":20,
              "virtualStockSize":30,
              "factoryPrice":99,
              "buyoutPrice":0,
              "state":0,
              "regions":null,
              "admissionTime":1526352190807,
              "isDelete":0,
              "service":[
                {
                  "serviceName":"快递",
                  "value":"是"
                },
                {
                  "serviceName":"安装",
                  "value":"是"
                }
              ]
            },
            {
              "publisher":"中华家具城3",
              "publisherId":193,
              "stockSize":209,
              "virtualStockSize":219,
              "factoryPrice":999,
              "buyoutPrice":0,
              "state":0,
              "regions":null,
              "admissionTime":1526352190807,
              "isDelete":0,
              "service":[
                {
                  "serviceName":"快递",
                  "value":"是"
                },
                {
                  "serviceName":"安装",
                  "value":"是"
                }
              ]
            }
          ],
          "size":0,
          "qrCode":null,
          "state":1,
          "sortNumber":0,
          "isDelete":0,
          "createTime":1526607831406,
          "releaseTime":null,
          "auditor":null,
          "integrationTime":1526607831406
        }
      ]
    }
  ]
}