{
  "success":true,
  "errorCode":0,
  "data":{
    "currentPage":1,
    "pageSize":4,
    "totalCount":4,
    "totalPage":1,
    "startIndex":0,
    "isMore":0,
    "items":[
      {
        "id":1,
        "orderNum":"201805171200",
        "status":"2",
        "createTime":"2018-05-17",
        "totalPrice":2000,
        "receiveStatus":"2",
        "consigneeName":"张三",
        "consigneePhone":"18810514212",
        "addressDetail":"北京市朝阳区望京soho",
        "purchaseCount":20,
        "receiveCount":20,
        "creator":null,
        "creatorId":null,
        "updateTime":"2018-05-24",
        "receiveTime":"2018-05-24",
        "comment":"缺货",
        "withdraw":false,
        "shopId":1,
        "shopName":"望京店",
        "shopAddress":"北京市朝阳区绿地中心",
        "region":"朝阳区",
        "deleted":false,
        "managerIsPass":false,
        "managerReason":"",
        "managerReviewTime":"2018-05-28",
        "managerUserId":"2ewdwrsdas22232",
        "financeIsPass":false,
        "financeReason":"",
        "financeReviewTime":"2018-05-28",
        "financeUserId":"",
        "batchNumber":null,
        "courierName":null,
        "courierPhone":null,
        "licensePlate":null,
        "courierPicture":null,
        "receiveReason":null,
        "consigneeAreaId":0,
        "purchaseOrderGoods":[
          {
            "id":1,
            "goodsType":"wxx fang fang 10C",
            "picture":"www.1.com",
            "totalCount":10,
            "totalPrice":1000,
            "purchaseOrderId":1,
            "skuId":null,
            "attribute":"黑 44",
            "receiveCount":10,
            "goodsCode":null,
            "purchaseOrderSuppliers":[
              {
                "id":1,
                "purchaseOrderId":1,
                "purchaseOrderGoodsId":1,
                "supplier":"松下1",
                "count":5,
                "price":100,
                "receiveCount":5,
                "stock":null,
                "historicalPrice":null,
                "supplierId":191
              },
              {
                "id":2,
                "purchaseOrderId":1,
                "purchaseOrderGoodsId":1,
                "supplier":"蓝翔家居2222",
                "count":5,
                "price":100,
                "receiveCount":5,
                "stock":null,
                "historicalPrice":null,
                "supplierId":111
              },
              {
                "id":3,
                "purchaseOrderId":1,
                "purchaseOrderGoodsId":1,
                "supplier":"蓝翔家居333",
                "count":5,
                "price":100,
                "receiveCount":5,
                "stock":null,
                "historicalPrice":null,
                "supplierId":111
              }
            ],
            "purchaseOrderReceiveRecords":[
              {
                "id":36,
                "purchaseOrderId":1,
                "purchaseOrderGoodsId":1,
                "supplier":"松下",
                "count":5,
                "price":100,
                "receiveCount":3,
                "receiveTime":"2018-05-24"
              },
              {
                "id":37,
                "purchaseOrderId":1,
                "purchaseOrderGoodsId":1,
                "supplier":"蓝翔家居",
                "count":5,
                "price":100,
                "receiveCount":2,
                "receiveTime":"2018-05-24"
              },
              {
                "id":38,
                "purchaseOrderId":1,
                "purchaseOrderGoodsId":1,
                "supplier":"松下",
                "count":5,
                "price":100,
                "receiveCount":2,
                "receiveTime":"2018-05-24"
              },
              {
                "id":39,
                "purchaseOrderId":1,
                "purchaseOrderGoodsId":1,
                "supplier":"蓝翔家居",
                "count":5,
                "price":100,
                "receiveCount":3,
                "receiveTime":"2018-05-24"
              }
            ]
          },
          {
            "id":2,
            "goodsType":"松下 家用开关 0392",
            "picture":"www.q.com",
            "totalCount":10,
            "totalPrice":1000,
            "purchaseOrderId":1,
            "skuId":null,
            "attribute":"白色两关",
            "receiveCount":10,
            "goodsCode":null,
            "purchaseOrderSuppliers":[
              {
                "id":3,
                "purchaseOrderId":1,
                "purchaseOrderGoodsId":2,
                "supplier":"蓝翔家居",
                "count":5,
                "price":100,
                "receiveCount":5,
                "stock":null,
                "historicalPrice":null,
                "supplierId":111
              },
              {
                "id":4,
                "purchaseOrderId":1,
                "purchaseOrderGoodsId":2,
                "supplier":"松下",
                "count":5,
                "price":100,
                "receiveCount":5,
                "stock":null,
                "historicalPrice":null,
                "supplierId":191
              }
            ],
            "purchaseOrderReceiveRecords":[
              {
                "id":40,
                "purchaseOrderId":1,
                "purchaseOrderGoodsId":2,
                "supplier":"蓝天",
                "count":5,
                "price":100,
                "receiveCount":2,
                "receiveTime":"2018-05-24"
              },
              {
                "id":41,
                "purchaseOrderId":1,
                "purchaseOrderGoodsId":2,
                "supplier":"宜家",
                "count":5,
                "price":100,
                "receiveCount":3,
                "receiveTime":"2018-05-24"
              },
              {
                "id":42,
                "purchaseOrderId":1,
                "purchaseOrderGoodsId":2,
                "supplier":"蓝天",
                "count":5,
                "price":100,
                "receiveCount":3,
                "receiveTime":"2018-05-24"
              },
              {
                "id":43,
                "purchaseOrderId":1,
                "purchaseOrderGoodsId":2,
                "supplier":"宜家",
                "count":5,
                "price":100,
                "receiveCount":2,
                "receiveTime":"2018-05-24"
              }
            ]
          }
        ]
      },
      {
        "id":4,
        "orderNum":"65620180518101618",
        "status":"2",
        "createTime":"2018-05-18",
        "totalPrice":188000000,
        "receiveStatus":"2",
        "consigneeName":"蒋磊",
        "consigneePhone":"18810514212",
        "addressDetail":"北京市朝阳区望京soho",
        "purchaseCount":20,
        "receiveCount":20,
        "creator":null,
        "creatorId":null,
        "updateTime":"2018-05-23",
        "receiveTime":"2018-05-23",
        "comment":null,
        "withdraw":null,
        "shopId":1,
        "shopName":null,
        "shopAddress":null,
        "region":null,
        "deleted":null,
        "managerIsPass":false,
        "managerReason":null,
        "managerReviewTime":"2018-05-28",
        "managerUserId":"2ewdwrsdas22232",
        "financeIsPass":null,
        "financeReason":null,
        "financeReviewTime":null,
        "financeUserId":null,
        "batchNumber":null,
        "courierName":null,
        "courierPhone":null,
        "licensePlate":null,
        "courierPicture":null,
        "receiveReason":null,
        "consigneeAreaId":0,
        "purchaseOrderGoods":[
          {
            "id":3,
            "goodsType":"wxx fang fang 10C",
            "picture":null,
            "totalCount":20,
            "totalPrice":188000000,
            "purchaseOrderId":4,
            "skuId":null,
            "attribute":"黑 44",
            "receiveCount":20,
            "goodsCode":null,
            "purchaseOrderSuppliers":[
              {
                "id":5,
                "purchaseOrderId":4,
                "purchaseOrderGoodsId":3,
                "supplier":"蓝翔家居",
                "count":10,
                "price":9800000,
                "receiveCount":10,
                "stock":null,
                "historicalPrice":null,
                "supplierId":111
              },
              {
                "id":6,
                "purchaseOrderId":4,
                "purchaseOrderGoodsId":3,
                "supplier":"松下电器",
                "count":10,
                "price":9000000,
                "receiveCount":10,
                "stock":null,
                "historicalPrice":null,
                "supplierId":191
              }
            ],
            "purchaseOrderReceiveRecords":[
              {
                "id":19,
                "purchaseOrderId":4,
                "purchaseOrderGoodsId":3,
                "supplier":"蓝翔家居",
                "count":10,
                "price":9800000,
                "receiveCount":5,
                "receiveTime":"2018-05-23"
              },
              {
                "id":20,
                "purchaseOrderId":4,
                "purchaseOrderGoodsId":3,
                "supplier":"松下电器",
                "count":10,
                "price":9000000,
                "receiveCount":5,
                "receiveTime":"2018-05-23"
              },
              {
                "id":21,
                "purchaseOrderId":4,
                "purchaseOrderGoodsId":3,
                "supplier":"蓝翔家居",
                "count":10,
                "price":9800000,
                "receiveCount":5,
                "receiveTime":"2018-05-23"
              },
              {
                "id":22,
                "purchaseOrderId":4,
                "purchaseOrderGoodsId":3,
                "supplier":"松下电器",
                "count":10,
                "price":9000000,
                "receiveCount":5,
                "receiveTime":"2018-05-23"
              }
            ]
          }
        ]
      },
      {
        "id":37,
        "orderNum":"PO46620180529175331",
        "status":"0",
        "createTime":"2018-05-29",
        "totalPrice":209700,
        "receiveStatus":"0",
        "consigneeName":"张三",
        "consigneePhone":"18366132576",
        "addressDetail":"北京市朝阳区望京soho",
        "purchaseCount":300,
        "receiveCount":0,
        "creator":"李四",
        "creatorId":"1234",
        "updateTime":null,
        "receiveTime":null,
        "comment":"缺货",
        "withdraw":false,
        "shopId":11010103,
        "shopName":"又新开一个店",
        "shopAddress":"绿地中心",
        "region":"东城区",
        "deleted":null,
        "managerIsPass":null,
        "managerReason":null,
        "managerReviewTime":null,
        "managerUserId":null,
        "financeIsPass":null,
        "financeReason":null,
        "financeReviewTime":null,
        "financeUserId":null,
        "batchNumber":"BN46620180529175331",
        "courierName":null,
        "courierPhone":null,
        "licensePlate":null,
        "courierPicture":null,
        "receiveReason":null,
        "consigneeAreaId":0,
        "purchaseOrderGoods":[
          {
            "id":19,
            "goodsType":"wxx fang fang 10C 航天飞机",
            "picture":"www.1_40x40.com",
            "totalCount":200,
            "totalPrice":109800,
            "purchaseOrderId":37,
            "skuId":null,
            "attribute":"黑 44 长春 休闲",
            "receiveCount":0,
            "goodsCode":null,
            "purchaseOrderSuppliers":[
              {
                "id":37,
                "purchaseOrderId":37,
                "purchaseOrderGoodsId":19,
                "supplier":"中华家具城",
                "count":100,
                "price":99,
                "receiveCount":0,
                "stock":10,
                "historicalPrice":null,
                "supplierId":191
              },
              {
                "id":38,
                "purchaseOrderId":37,
                "purchaseOrderGoodsId":19,
                "supplier":"中华家具城2",
                "count":100,
                "price":999,
                "receiveCount":0,
                "stock":10,
                "historicalPrice":null,
                "supplierId":192
              }
            ],
            "purchaseOrderReceiveRecords":[

            ]
          },
          {
            "id":20,
            "goodsType":"wxx fang fang 10C 航天飞机",
            "picture":"www.1_40x40.com",
            "totalCount":100,
            "totalPrice":99900,
            "purchaseOrderId":37,
            "skuId":null,
            "attribute":"黑 44 长春 休闲",
            "receiveCount":0,
            "goodsCode":null,
            "purchaseOrderSuppliers":[
              {
                "id":39,
                "purchaseOrderId":37,
                "purchaseOrderGoodsId":20,
                "supplier":"中华家具城3",
                "count":100,
                "price":999,
                "receiveCount":0,
                "stock":10,
                "historicalPrice":null,
                "supplierId":193
              }
            ],
            "purchaseOrderReceiveRecords":[

            ]
          }
        ]
      },
      {
        "id":45,
        "orderNum":"PO041723141006",
        "status":"0",
        "createTime":"2018-06-04",
        "totalPrice":118800,
        "receiveStatus":"0",
        "consigneeName":"张三",
        "consigneePhone":"18366132576",
        "addressDetail":"北京市朝阳区望京soho",
        "purchaseCount":1200,
        "receiveCount":0,
        "creator":"李四",
        "creatorId":"1234",
        "updateTime":null,
        "receiveTime":null,
        "comment":"缺货",
        "withdraw":false,
        "shopId":11010103,
        "shopName":"又新开一个店",
        "shopAddress":"北京市北京市东城区绿地中心",
        "region":"东城区",
        "deleted":null,
        "managerIsPass":null,
        "managerReason":null,
        "managerReviewTime":null,
        "managerUserId":null,
        "financeIsPass":null,
        "financeReason":null,
        "financeReviewTime":null,
        "financeUserId":null,
        "batchNumber":"BN100604172314",
        "courierName":null,
        "courierPhone":null,
        "licensePlate":null,
        "courierPicture":null,
        "receiveReason":null,
        "consigneeAreaId":11,
        "purchaseOrderGoods":[
          {
            "id":26,
            "goodsType":"wxx fang fang 10C 航天飞机 黑 44 长春 休闲",
            "picture":"www.1_40x40.com",
            "totalCount":400,
            "totalPrice":39600,
            "purchaseOrderId":45,
            "skuId":453184529855811584,
            "attribute":"黑 44 长春 休闲",
            "receiveCount":0,
            "goodsCode":453184529855811584,
            "purchaseOrderSuppliers":[
              {
                "id":52,
                "purchaseOrderId":45,
                "purchaseOrderGoodsId":26,
                "supplier":"中华家具城1",
                "count":100,
                "price":99,
                "receiveCount":0,
                "stock":10,
                "historicalPrice":null,
                "supplierId":191
              },
              {
                "id":53,
                "purchaseOrderId":45,
                "purchaseOrderGoodsId":26,
                "supplier":"中华家具城2",
                "count":100,
                "price":99,
                "receiveCount":0,
                "stock":10,
                "historicalPrice":null,
                "supplierId":192
              },
              {
                "id":54,
                "purchaseOrderId":45,
                "purchaseOrderGoodsId":26,
                "supplier":"中华家具城2",
                "count":100,
                "price":99,
                "receiveCount":0,
                "stock":10,
                "historicalPrice":null,
                "supplierId":193
              },
              {
                "id":55,
                "purchaseOrderId":45,
                "purchaseOrderGoodsId":26,
                "supplier":"中华家具城2",
                "count":100,
                "price":99,
                "receiveCount":0,
                "stock":10,
                "historicalPrice":null,
                "supplierId":194
              }
            ],
            "purchaseOrderReceiveRecords":[

            ]
          }
        ]
      }
    ]
  }
}