{
  "success":true,
  "errorCode":0,
  "message":"成功",
  "data":[
    {
      "id":18,
      "parentId":0,
      "name":"大电器2",
      "path":"18,",
      "level":1,
      "state":0,
      "isDelete":0,
      "updateTime":1523598968000,
      "isLeaf":0
    },
    {
      "id":20,
      "parentId":18,
      "name":"洗衣机",
      "path":"18,20,",
      "level":2,
      "state":0,
      "isDelete":0,
      "updateTime":1523599967000,
      "isLeaf":0
    },
    {
      "id":27,
      "parentId":20,
      "name":"烘干洗衣机3",
      "path":"18,20,27,",
      "level":3,
      "state":0,
      "isDelete":0,
      "updateTime":1523713021000,
      "isLeaf":1
    },
    {
      "id":28,
      "parentId":20,
      "name":"烘干洗衣机4",
      "path":"18,20,28，",
      "level":3,
      "state":0,
      "isDelete":0,
      "updateTime":1523772257000,
      "isLeaf":1
    },
    {
      "id":29,
      "parentId":21,
      "name":"烘干洗衣机5",
      "path":"18,20,29，",
      "level":3,
      "state":0,
      "isDelete":0,
      "updateTime":1523772282000,
      "isLeaf":1
    }
  ]
}