{
  "success":true,
  "errorCode":0,
  "message":"成功",
  "data":[
    {
      "id":1,
      "parentId":0,
      "name":"服装毛标记",
      "path":"1,",
      "level":1,
      "state":0,
      "isDelete":0,
      "isLeaf":0,
      "updateTime":1523598822000,
      "sortNumber":5000
    },
    {
      "id":2,
      "parentId":1,
      "name":"男装标记",
      "path":"1,2,",
      "level":2,
      "state":0,
      "isDelete":0,
      "isLeaf":0,
      "updateTime":1523598822000,
      "sortNumber":5000
    },
    {
      "id":3,
      "parentId":70,
      "name":"衬衫标记",
      "path":"1,2,3,",
      "level":3,
      "state":1,
      "isDelete":1,
      "isLeaf":1,
      "updateTime":1523598822000,
      "sortNumber":5000
    },
    {
      "id":4,
      "parentId":70,
      "name":"长裤标记",
      "path":"1,2,4,",
      "level":3,
      "state":0,
      "isDelete":0,
      "isLeaf":1,
      "updateTime":1523598822000,
      "sortNumber":5000
    },
    {
      "id":5,
      "parentId":2,
      "name":"短裤",
      "path":"1,2,5,",
      "level":3,
      "state":0,
      "isDelete":0,
      "isLeaf":1,
      "updateTime":1523598822000,
      "sortNumber":5000
    },
    {
      "id":6,
      "parentId":0,
      "name":"电器标记",
      "path":"6,",
      "level":1,
      "state":0,
      "isDelete":0,
      "isLeaf":0,
      "updateTime":1523596089000,
      "sortNumber":5000
    },
    {
      "id":14,
      "parentId":6,
      "name":"手机",
      "path":"6,14,",
      "level":2,
      "state":0,
      "isDelete":0,
      "isLeaf":0,
      "updateTime":1523598630000,
      "sortNumber":5000
    },
    {
      "id":15,
      "parentId":6,
      "name":"音响",
      "path":"6,15,",
      "level":2,
      "state":1,
      "isDelete":0,
      "isLeaf":0,
      "updateTime":1523598708000,
      "sortNumber":5000
    },
    {
      "id":16,
      "parentId":15,
      "name":"蓝牙音响",
      "path":"6,15,16,",
      "level":3,
      "state":0,
      "isDelete":0,
      "isLeaf":1,
      "updateTime":1523598822000,
      "sortNumber":5000
    },
    {
      "id":17,
      "parentId":14,
      "name":"蓝牙手机",
      "path":"6,14,17,",
      "level":3,
      "state":0,
      "isDelete":0,
      "isLeaf":1,
      "updateTime":1523598854000,
      "sortNumber":5000
    },
    {
      "id":18,
      "parentId":0,
      "name":"大电器2",
      "path":"18,",
      "level":1,
      "state":0,
      "isDelete":0,
      "isLeaf":0,
      "updateTime":1523598968000,
      "sortNumber":5000
    },
    {
      "id":19,
      "parentId":18,
      "name":"电冰箱",
      "path":"18,19,",
      "level":2,
      "state":0,
      "isDelete":0,
      "isLeaf":0,
      "updateTime":1523599921000,
      "sortNumber":5000
    },
    {
      "id":20,
      "parentId":18,
      "name":"洗衣机",
      "path":"18,20,",
      "level":2,
      "state":0,
      "isDelete":0,
      "isLeaf":0,
      "updateTime":1523599967000,
      "sortNumber":5000
    },
    {
      "id":24,
      "parentId":20,
      "name":"烘干洗衣机",
      "path":"18,20,24，",
      "level":3,
      "state":0,
      "isDelete":0,
      "isLeaf":1,
      "updateTime":1523602091000,
      "sortNumber":5000
    },
    {
      "id":25,
      "parentId":21,
      "name":"烘干洗衣机1",
      "path":"18,20,25,",
      "level":3,
      "state":0,
      "isDelete":0,
      "isLeaf":1,
      "updateTime":1523602332000,
      "sortNumber":5000
    },
    {
      "id":26,
      "parentId":20,
      "name":"烘干洗衣机2",
      "path":"18,20,26,",
      "level":3,
      "state":0,
      "isDelete":0,
      "isLeaf":1,
      "updateTime":1523602446000,
      "sortNumber":5000
    },
    {
      "id":27,
      "parentId":21,
      "name":"烘干洗衣机3",
      "path":"18,20,27,",
      "level":3,
      "state":0,
      "isDelete":0,
      "isLeaf":1,
      "updateTime":1523713021000,
      "sortNumber":5000
    },
    {
      "id":28,
      "parentId":21,
      "name":"烘干洗衣机4",
      "path":"18,20,28",
      "level":3,
      "state":0,
      "isDelete":0,
      "isLeaf":1,
      "updateTime":1523772257000,
      "sortNumber":5000
    },
    {
      "id":29,
      "parentId":21,
      "name":"烘干洗衣机5",
      "path":"18,20,29",
      "level":3,
      "state":0,
      "isDelete":0,
      "isLeaf":1,
      "updateTime":1523772282000,
      "sortNumber":5000
    },
    {
      "id":30,
      "parentId":21,
      "name":"烘干洗衣机6",
      "path":"18,20,30",
      "level":3,
      "state":0,
      "isDelete":1,
      "isLeaf":1,
      "updateTime":1523772321000,
      "sortNumber":5000
    },
    {
      "id":31,
      "parentId":21,
      "name":"烘干洗衣机7",
      "path":"18,20,31",
      "level":3,
      "state":0,
      "isDelete":0,
      "isLeaf":1,
      "updateTime":1523873014000,
      "sortNumber":5000
    },
    {
      "id":32,
      "parentId":2,
      "name":"毛海鹏",
      "path":"1,2,32",
      "level":3,
      "state":0,
      "isDelete":1,
      "isLeaf":1,
      "updateTime":1523883279000,
      "sortNumber":9000
    },
    {
      "id":33,
      "parentId":6,
      "name":"飞机",
      "path":"6,33,",
      "level":2,
      "state":0,
      "isDelete":0,
      "isLeaf":0,
      "updateTime":1524721978000,
      "sortNumber":5000
    },
    {
      "id":34,
      "parentId":33,
      "name":"航天飞机",
      "path":"6,33,34,",
      "level":3,
      "state":0,
      "isDelete":0,
      "isLeaf":0,
      "updateTime":1524722036000,
      "sortNumber":3000
    },
    {
      "id":35,
      "parentId":33,
      "name":"轰炸机",
      "path":"6,33,35,",
      "level":3,
      "state":0,
      "isDelete":0,
      "isLeaf":1,
      "updateTime":1524722134000,
      "sortNumber":4000
    },
    {
      "id":36,
      "parentId":6,
      "name":"飞机",
      "path":"6,36,",
      "level":2,
      "state":0,
      "isDelete":0,
      "isLeaf":0,
      "updateTime":1526440024000,
      "sortNumber":5000
    },
    {
      "id":37,
      "parentId":0,
      "name":"按时e",
      "path":"37,",
      "level":1,
      "state":0,
      "isDelete":0,
      "isLeaf":0,
      "updateTime":1526441611000,
      "sortNumber":5000
    },
    {
      "id":38,
      "parentId":6,
      "name":"飞机",
      "path":"6,38,",
      "level":2,
      "state":0,
      "isDelete":0,
      "isLeaf":0,
      "updateTime":1526441639000,
      "sortNumber":5000
    },
    {
      "id":39,
      "parentId":0,
      "name":"阿萨德",
      "path":"39,",
      "level":1,
      "state":0,
      "isDelete":0,
      "isLeaf":0,
      "updateTime":1526441771000,
      "sortNumber":5000
    },
    {
      "id":40,
      "parentId":0,
      "name":"阿萨德",
      "path":"40,",
      "level":1,
      "state":0,
      "isDelete":0,
      "isLeaf":0,
      "updateTime":1526441800000,
      "sortNumber":5000
    },
    {
      "id":41,
      "parentId":0,
      "name":"asd",
      "path":"41,",
      "level":1,
      "state":0,
      "isDelete":0,
      "isLeaf":0,
      "updateTime":1526442540000,
      "sortNumber":5000
    },
    {
      "id":42,
      "parentId":6,
      "name":"飞机",
      "path":"6,42,",
      "level":2,
      "state":0,
      "isDelete":0,
      "isLeaf":0,
      "updateTime":1526442749000,
      "sortNumber":5000
    },
    {
      "id":43,
      "parentId":6,
      "name":"飞机",
      "path":"6,43,",
      "level":2,
      "state":0,
      "isDelete":0,
      "isLeaf":0,
      "updateTime":1526442757000,
      "sortNumber":5000
    },
    {
      "id":44,
      "parentId":6,
      "name":"飞机飞机飞机飞机飞机飞机",
      "path":"6,44,",
      "level":2,
      "state":0,
      "isDelete":0,
      "isLeaf":0,
      "updateTime":1526443422000,
      "sortNumber":5000
    },
    {
      "id":54,
      "parentId":0,
      "name":"航空器",
      "path":"54,",
      "level":1,
      "state":0,
      "isDelete":0,
      "isLeaf":0,
      "updateTime":1526543929000,
      "sortNumber":5000
    },
    {
      "id":60,
      "parentId":3,
      "name":"巨人球鞋",
      "path":"1,2,3,",
      "level":3,
      "state":0,
      "isDelete":0,
      "isLeaf":1,
      "updateTime":1526558653000,
      "sortNumber":5000
    },
    {
      "id":61,
      "parentId":2,
      "name":"航空器2",
      "path":"1,2,61,",
      "level":3,
      "state":1,
      "isDelete":0,
      "isLeaf":0,
      "updateTime":1526558702000,
      "sortNumber":9001
    },
    {
      "id":62,
      "parentId":2,
      "name":"厨具",
      "path":"1,2,62,",
      "level":3,
      "state":0,
      "isDelete":0,
      "isLeaf":0,
      "updateTime":1526560078000,
      "sortNumber":5000
    },
    {
      "id":64,
      "parentId":0,
      "name":"航空器2333",
      "path":"64,",
      "level":1,
      "state":0,
      "isDelete":0,
      "isLeaf":0,
      "updateTime":1526560709000,
      "sortNumber":5000
    },
    {
      "id":65,
      "parentId":0,
      "name":"航空器",
      "path":"65,",
      "level":1,
      "state":0,
      "isDelete":0,
      "isLeaf":0,
      "updateTime":1527698958000,
      "sortNumber":5000
    },
    {
      "id":66,
      "parentId":0,
      "name":"航空器",
      "path":"66,",
      "level":1,
      "state":0,
      "isDelete":0,
      "isLeaf":0,
      "updateTime":1527698962000,
      "sortNumber":5000
    },
    {
      "id":67,
      "parentId":0,
      "name":"航空器",
      "path":"67,",
      "level":1,
      "state":0,
      "isDelete":0,
      "isLeaf":0,
      "updateTime":1527699212000,
      "sortNumber":5000
    },
    {
      "id":68,
      "parentId":0,
      "name":"安大略",
      "path":"68,",
      "level":1,
      "state":1,
      "isDelete":0,
      "isLeaf":0,
      "updateTime":1527746381000,
      "sortNumber":5000
    },
    {
      "id":69,
      "parentId":1,
      "name":"阿萨德",
      "path":"1,69,",
      "level":2,
      "state":1,
      "isDelete":0,
      "isLeaf":0,
      "updateTime":1527746631000,
      "sortNumber":5000
    },
    {
      "id":70,
      "parentId":1,
      "name":"再来一个",
      "path":"1,70,",
      "level":2,
      "state":1,
      "isDelete":0,
      "isLeaf":0,
      "updateTime":1527746652000,
      "sortNumber":5000
    },
    {
      "id":71,
      "parentId":2,
      "name":"fuck",
      "path":"1,2,71,",
      "level":3,
      "state":1,
      "isDelete":0,
      "isLeaf":0,
      "updateTime":1527746674000,
      "sortNumber":4000
    },
    {
      "id":72,
      "parentId":0,
      "name":"火星人",
      "path":"72,",
      "level":1,
      "state":1,
      "isDelete":0,
      "isLeaf":0,
      "updateTime":1527749878000,
      "sortNumber":10004
    }
  ]
}