{
  "success":true,
  "errorCode":0,
  "message":"成功",
  "data":[
    {
      "id":140181,
      "name":"古交市"
    },
    {
      "id":140108,
      "name":"尖草坪区"
    },
    {
      "id":140110,
      "name":"晋源区"
    },
    {
      "id":140123,
      "name":"娄烦县"
    },
    {
      "id":140121,
      "name":"清徐县"
    },
    {
      "id":140109,
      "name":"万柏林区"
    },
    {
      "id":140105,
      "name":"小店区"
    },
    {
      "id":140107,
      "name":"杏花岭区"
    },
    {
      "id":140122,
      "name":"阳曲县"
    },
    {
      "id":140106,
      "name":"迎泽区"
    }
  ]
}