{
  "success":true,
  "errorCode":0,
  "message":"成功",
  "data":[
    {
      "id":140200,
      "name":"大同市"
    },
    {
      "id":140700,
      "name":"晋中市"
    },
    {
      "id":140500,
      "name":"晋城市"
    },
    {
      "id":141100,
      "name":"吕梁市"
    },
    {
      "id":141000,
      "name":"临汾市"
    },
    {
      "id":140600,
      "name":"朔州市"
    },
    {
      "id":140100,
      "name":"太原市"
    },
    {
      "id":140900,
      "name":"忻州市"
    },
    {
      "id":140300,
      "name":"阳泉市"
    },
    {
      "id":140800,
      "name":"运城市"
    },
    {
      "id":140400,
      "name":"长治市"
    }
  ]
}