[
            {
                "id":1,
                "orderNum":"201805171200",
                "status":"0",
                "createTime":"2018-05-17",
                "totalPrice":2000,
                "receiveStatus":"0",
                "consigneeName":"张三",
                "consigneePhone":"18810514212",
                "addressDetail":"北京市朝阳区望京soho",
                "purchaseCount":20,
                "receiveCount":0,
                "creator":null,
                "auditor":null,
                "updateTime":"2018-05-17",
                "receiveTime":null,
                "comment":null,
                "withdraw":null,
                "shopId":null,
                "shopName":null,
                "shopAddress":null,
                "region":null,
                "deleted":null,
                "managerIsPass":null,
                "managerReason":null,
                "managerReviewTime":null,
                "financeIsPass":null,
                "financeReason":null,
                "financeReviewTime":null,
                "purchaseOrderGoods":[
                    {
                        "id":1,
                        "goodsType":"wxx fang fang 10C",
                        "picture":"www.1.com",
                        "totalCount":10,
                        "totalPrice":1000,
                        "purchaseOrderId":1,
                        "skuId":"5afbb07984e0b63010ff1e08",
                        "attribute":"黑 44",
                        "receiveCount":0,
                        "purchaseOrderSuppliers":[
                            {
                                "id":1,
                                "purchaseOrderId":1,
                                "purchaseOrderGoodsId":1,
                                "supplier":"松下",
                                "count":5,
                                "price":100,
                                "receiveCount":0,
                                "stock":null,
                                "historicalPrice":null,
                                "supplierId":null
                            },
                            {
                                "id":2,
                                "purchaseOrderId":1,
                                "purchaseOrderGoodsId":1,
                                "supplier":"蓝翔家居",
                                "count":5,
                                "price":100,
                                "receiveCount":0,
                                "stock":null,
                                "historicalPrice":null,
                                "supplierId":null
                            }
                        ],
                        "purchaseOrderReceiveRecords":[
                            {
                                "id":1,
                                "purchaseOrderId":1,
                                "purchaseOrderGoodsId":1,
                                "supplier":"松下",
                                "count":5,
                                "price":100,
                                "receiveCount":2,
                                "receiveTime":"2018-05-21"
                            },
                            {
                                "id":2,
                                "purchaseOrderId":1,
                                "purchaseOrderGoodsId":1,
                                "supplier":"松下",
                                "count":5,
                                "price":100,
                                "receiveCount":3,
                                "receiveTime":"2018-05-22"
                            },
                            {
                                "id":3,
                                "purchaseOrderId":1,
                                "purchaseOrderGoodsId":1,
                                "supplier":"蓝翔家居",
                                "count":5,
                                "price":100,
                                "receiveCount":1,
                                "receiveTime":"2018-05-21"
                            },
                            {
                                "id":4,
                                "purchaseOrderId":1,
                                "purchaseOrderGoodsId":1,
                                "supplier":"蓝翔家居",
                                "count":5,
                                "price":100,
                                "receiveCount":3,
                                "receiveTime":"2018-05-21"
                            },
                            {
                                "id":5,
                                "purchaseOrderId":1,
                                "purchaseOrderGoodsId":1,
                                "supplier":"蓝翔家居",
                                "count":5,
                                "price":100,
                                "receiveCount":1,
                                "receiveTime":"2018-05-22"
                            }
                        ]
                    },
                    {
                        "id":2,
                        "goodsType":"松下 家用开关 0392",
                        "picture":"www.q.com",
                        "totalCount":10,
                        "totalPrice":1000,
                        "purchaseOrderId":1,
                        "skuId":"5afbb07984e0b63010ff1e09",
                        "attribute":"白色两关",
                        "receiveCount":0,
                        "purchaseOrderSuppliers":[
                            {
                                "id":3,
                                "purchaseOrderId":1,
                                "purchaseOrderGoodsId":2,
                                "supplier":"蓝天",
                                "count":5,
                                "price":100,
                                "receiveCount":0,
                                "stock":null,
                                "historicalPrice":null,
                                "supplierId":null
                            },
                            {
                                "id":4,
                                "purchaseOrderId":1,
                                "purchaseOrderGoodsId":2,
                                "supplier":"宜家",
                                "count":5,
                                "price":100,
                                "receiveCount":0,
                                "stock":null,
                                "historicalPrice":null,
                                "supplierId":null
                            }
                        ],
                        "purchaseOrderReceiveRecords":[

                        ]
                    }
                ]
            },
            {
                "id":4,
                "orderNum":"65620180518101618",
                "status":"0",
                "createTime":"2018-05-18",
                "totalPrice":188000000,
                "receiveStatus":"0",
                "consigneeName":"蒋磊",
                "consigneePhone":"18810514212",
                "addressDetail":"北京市朝阳区望京soho",
                "purchaseCount":20,
                "receiveCount":null,
                "creator":null,
                "auditor":null,
                "updateTime":null,
                "receiveTime":null,
                "comment":null,
                "withdraw":null,
                "shopId":null,
                "shopName":null,
                "shopAddress":null,
                "region":null,
                "deleted":null,
                "managerIsPass":null,
                "managerReason":null,
                "managerReviewTime":null,
                "financeIsPass":null,
                "financeReason":null,
                "financeReviewTime":null,
                "purchaseOrderGoods":[
                    {
                        "id":3,
                        "goodsType":"wxx fang fang 10C",
                        "picture":null,
                        "totalCount":20,
                        "totalPrice":188000000,
                        "purchaseOrderId":4,
                        "skuId":"5afcde5c84e0b629ac6cb25d",
                        "attribute":"黑 44",
                        "receiveCount":null,
                        "purchaseOrderSuppliers":[
                            {
                                "id":5,
                                "purchaseOrderId":4,
                                "purchaseOrderGoodsId":3,
                                "supplier":"蓝翔家居",
                                "count":10,
                                "price":9800000,
                                "receiveCount":null,
                                "stock":null,
                                "historicalPrice":null,
                                "supplierId":null
                            },
                            {
                                "id":6,
                                "purchaseOrderId":4,
                                "purchaseOrderGoodsId":3,
                                "supplier":"松下电器",
                                "count":10,
                                "price":9000000,
                                "receiveCount":null,
                                "stock":null,
                                "historicalPrice":null,
                                "supplierId":null
                            }
                        ],
                        "purchaseOrderReceiveRecords":[

                        ]
                    }
                ]
            }
]
   

